{
    "start_time": 1555701794.3514562,
    "target": "Dataset",
    "server_path": "C:\\Users\\Manvi\\Anaconda3\\indian-liver-patient-records\\DQwRaDoO8",
    "data_path": null,
    "test_path": null,
    "max_models": null,
    "run_time": 500,
    "run_id": "XBB2YBVDt",
    "scale": false,
    "classification": true,
    "model_path": null,
    "balance": false,
    "balance_threshold": 0.2,
    "project": null,
    "end_time": 1555701933.964776,
    "execution_time": 139.61331987380981,
    "run_path": "C:\\Users\\Manvi\\Anaconda3\\indian-liver-patient-records\\DQwRaDoO8\\XBB2YBVDt",
    "nthreads": 1,
    "min_mem_size": 0,
    "analysis": 0,
    "X": [
        "Age",
        "Gender",
        "Total_Bilirubin",
        "Direct_Bilirubin",
        "Alkaline_Phosphotase",
        "Alamine_Aminotransferase",
        "Aspartate_Aminotransferase",
        "Total_Protiens",
        "Albumin",
        "Albumin_and_Globulin_Ratio"
    ],
    "models_generated": 45
}
