﻿"|","|__actual______meta__schema_version","|__actual______meta__schema_name","|__actual______meta__schema_type","|__actual____name","|__actual____type","|__actual____URL","|__default","|__actual","|__actual____meta__schema_version","|__actual____meta__schema_name","|__actual____meta__schema_type","|__actual__column_name","|__actual__is_member_of_frames","|__actual__name","|__actual__type","|__actual__URL"
"model_id","","","","","","","null","","3","ModelKeyV3","Key<Model>","","","StackedEnsemble_BestOfFamily_AutoML_20190419_152459","Key<Model>","/3/Models/StackedEnsemble_BestOfFamily_AutoML_20190419_152459"
"training_frame","","","","","","","null","","3","FrameKeyV3","Key<Frame>","","","automl_training_py_5_sid_b40a","Key<Frame>","/3/Frames/automl_training_py_5_sid_b40a"
"response_column","","","","","","","null","","3","ColSpecifierV3","VecSpecifier","Dataset","null","","",""
"validation_frame","","","","","","","null","null","","","","","","","",""
"blending_frame","","","","","","","null","null","","","","","","","",""
"base_models","3","ModelKeyV3","Key<Model>","GBM_grid_1_AutoML_20190419_152459_model_24","Key<Model>","/3/Models/GBM_grid_1_AutoML_20190419_152459_model_24","","","","","","","","","",""
"","3","ModelKeyV3","Key<Model>","GLM_grid_1_AutoML_20190419_152459_model_1","Key<Model>","/3/Models/GLM_grid_1_AutoML_20190419_152459_model_1","","","","","","","","","",""
"","3","ModelKeyV3","Key<Model>","DRF_1_AutoML_20190419_152459","Key<Model>","/3/Models/DRF_1_AutoML_20190419_152459","","","","","","","","","",""
"","3","ModelKeyV3","Key<Model>","XRT_1_AutoML_20190419_152459","Key<Model>","/3/Models/XRT_1_AutoML_20190419_152459","","","","","","","","","",""
"metalearner_algorithm","","","","","","","AUTO","AUTO","","","","","","","",""
"metalearner_nfolds","","","","","","","0","5","","","","","","","",""
"metalearner_fold_assignment","","","","","","","null","null","","","","","","","",""
"metalearner_fold_column","","","","","","","null","null","","","","","","","",""
"metalearner_params","","","","","","","","","","","","","","","",""
"seed","","","","","","","-1","2206594257132227661","","","","","","","",""
"keep_levelone_frame","","","","","","","False","True","","","","","","","",""
"export_checkpoints_dir","","","","","","","null","null","","","","","","","",""
