﻿"|","|__default","|__actual","|__actual____meta__schema_version","|__actual____meta__schema_name","|__actual____meta__schema_type","|__actual__column_name","|__actual__is_member_of_frames","|__actual__name","|__actual__type","|__actual__URL"
"model_id","null","","3","ModelKeyV3","Key<Model>","","","XRT_1_AutoML_20190419_152459","Key<Model>","/3/Models/XRT_1_AutoML_20190419_152459"
"training_frame","null","","3","FrameKeyV3","Key<Frame>","","","automl_training_py_5_sid_b40a","Key<Frame>","/3/Frames/automl_training_py_5_sid_b40a"
"validation_frame","null","null","","","","","","","",""
"nfolds","0","5","","","","","","","",""
"keep_cross_validation_models","True","False","","","","","","","",""
"keep_cross_validation_predictions","False","True","","","","","","","",""
"keep_cross_validation_fold_assignment","False","False","","","","","","","",""
"score_each_iteration","False","False","","","","","","","",""
"score_tree_interval","0","0","","","","","","","",""
"fold_assignment","AUTO","Modulo","","","","","","","",""
"fold_column","null","null","","","","","","","",""
"response_column","null","","3","ColSpecifierV3","VecSpecifier","Dataset","null","","",""
"ignored_columns","null","","","","","","","","",""
"ignore_const_cols","True","True","","","","","","","",""
"offset_column","null","null","","","","","","","",""
"weights_column","null","null","","","","","","","",""
"balance_classes","False","False","","","","","","","",""
"class_sampling_factors","null","null","","","","","","","",""
"max_after_balance_size","5.0","5.0","","","","","","","",""
"max_confusion_matrix_size","20","20","","","","","","","",""
"max_hit_ratio_k","0","0","","","","","","","",""
"ntrees","50","17","","","","","","","",""
"max_depth","20","20","","","","","","","",""
"min_rows","1.0","1.0","","","","","","","",""
"nbins","20","20","","","","","","","",""
"nbins_top_level","1024","1024","","","","","","","",""
"nbins_cats","1024","1024","","","","","","","",""
"r2_stopping","1.79769313486232E+308","1.79769313486232E+308","","","","","","","",""
"stopping_rounds","0","0","","","","","","","",""
"stopping_metric","AUTO","logloss","","","","","","","",""
"stopping_tolerance","0.001","0.041415768328129106","","","","","","","",""
"max_runtime_secs","0.0","0.0","","","","","","","",""
"seed","-1","-2394451397580966220","","","","","","","",""
"build_tree_one_node","False","False","","","","","","","",""
"mtries","-1","-1","","","","","","","",""
"sample_rate","0.6320000290870667","0.6320000290870667","","","","","","","",""
"sample_rate_per_class","null","null","","","","","","","",""
"binomial_double_trees","False","False","","","","","","","",""
"checkpoint","null","null","","","","","","","",""
"col_sample_rate_change_per_level","1.0","1.0","","","","","","","",""
"col_sample_rate_per_tree","1.0","1.0","","","","","","","",""
"min_split_improvement","1E-05","1E-05","","","","","","","",""
"histogram_type","AUTO","Random","","","","","","","",""
"categorical_encoding","AUTO","AUTO","","","","","","","",""
"calibrate_model","False","False","","","","","","","",""
"calibration_frame","null","null","","","","","","","",""
"distribution","AUTO","multinomial","","","","","","","",""
"custom_metric_func","null","null","","","","","","","",""
"export_checkpoints_dir","null","null","","","","","","","",""
"check_constant_response","True","True","","","","","","","",""
