{
    "start_time": 1555807173.0831306,
    "target": "Dataset",
    "server_path": "C:\\Users\\Manvi\\Anaconda3\\indian-liver-patient-records",
    "data_path": null,
    "test_path": null,
    "max_models": null,
    "run_time": 300,
    "run_id": "nRidYg95h",
    "scale": false,
    "classification": true,
    "model_path": null,
    "balance": false,
    "balance_threshold": 0.2,
    "project": null,
    "end_time": 1555807295.155993,
    "execution_time": 122.07286238670349,
    "run_path": "C:\\Users\\Manvi\\Anaconda3\\indian-liver-patient-records\\nRidYg95h",
    "nthreads": 1,
    "min_mem_size": 0,
    "analysis": 0,
    "X": [
        "Age",
        "Gender",
        "Total_Bilirubin",
        "Direct_Bilirubin",
        "Alkaline_Phosphotase",
        "Alamine_Aminotransferase",
        "Aspartate_Aminotransferase",
        "Total_Protiens",
        "Albumin",
        "Albumin_and_Globulin_Ratio"
    ],
    "models_generated": 46
}
