{
    "start_time": 1555885108.7828872,
    "target": "Dataset",
    "server_path": "C:\\Users\\Manvi\\Anaconda3\\indian-liver-patient-records",
    "data_path": null,
    "test_path": null,
    "max_models": null,
    "run_time": 800,
    "run_id": "douhJzEiy",
    "scale": false,
    "classification": true,
    "model_path": null,
    "balance": false,
    "balance_threshold": 0.2,
    "project": null,
    "end_time": 1555885122.8703492,
    "execution_time": 14.087461948394775,
    "run_path": "C:\\Users\\Manvi\\Anaconda3\\indian-liver-patient-records\\douhJzEiy",
    "nthreads": 1,
    "min_mem_size": 1,
    "analysis": 0,
    "X": [
        "Age",
        "Gender",
        "Total_Bilirubin",
        "Direct_Bilirubin",
        "Alkaline_Phosphotase",
        "Alamine_Aminotransferase",
        "Aspartate_Aminotransferase",
        "Total_Protiens",
        "Albumin",
        "Albumin_and_Globulin_Ratio"
    ],
    "models_generated": 20
}
