{
    "start_time": 1555886064.3386967,
    "target": "Dataset",
    "server_path": "C:\\Users\\Manvi\\Anaconda3\\indian-liver-patient-records",
    "data_path": null,
    "test_path": null,
    "max_models": null,
    "run_time": 1000,
    "run_id": "uh5qmPqcn",
    "scale": false,
    "classification": true,
    "model_path": null,
    "balance": false,
    "balance_threshold": 0.2,
    "project": null,
    "end_time": 1555886117.0395787,
    "execution_time": 52.70088195800781,
    "run_path": "C:\\Users\\Manvi\\Anaconda3\\indian-liver-patient-records\\uh5qmPqcn",
    "nthreads": 1,
    "min_mem_size": 0,
    "analysis": 0,
    "X": [
        "Age",
        "Gender",
        "Total_Bilirubin",
        "Direct_Bilirubin",
        "Alkaline_Phosphotase",
        "Alamine_Aminotransferase",
        "Aspartate_Aminotransferase",
        "Total_Protiens",
        "Albumin",
        "Albumin_and_Globulin_Ratio"
    ],
    "models_generated": 25
}
