{
    "start_time": 1555886561.272127,
    "target": "Dataset",
    "server_path": "C:\\Users\\Manvi\\Anaconda3\\indian-liver-patient-records\\uh5qmPqcn",
    "data_path": null,
    "test_path": null,
    "max_models": null,
    "run_time": 1200,
    "run_id": "9Zo6W4yCU",
    "scale": false,
    "classification": true,
    "model_path": null,
    "balance": false,
    "balance_threshold": 0.2,
    "project": null,
    "end_time": 1555886608.9279935,
    "execution_time": 47.655866622924805,
    "run_path": "C:\\Users\\Manvi\\Anaconda3\\indian-liver-patient-records\\uh5qmPqcn\\9Zo6W4yCU",
    "nthreads": 1,
    "min_mem_size": 1,
    "analysis": 0,
    "X": [
        "Age",
        "Gender",
        "Total_Bilirubin",
        "Direct_Bilirubin",
        "Alkaline_Phosphotase",
        "Alamine_Aminotransferase",
        "Aspartate_Aminotransferase",
        "Total_Protiens",
        "Albumin",
        "Albumin_and_Globulin_Ratio"
    ],
    "models_generated": 32
}
