{
    "start_time": 1555026994.147995,
    "target": "Dataset",
    "server_path": "C:\\Users\\Manvi\\Anaconda3\\indian-liver-patient-records",
    "data_path": "C:\\Users\\Manvi\\Anaconda3\\indian-liver-patient-records\\indian_liver_patient.csv",
    "test_path": null,
    "max_models": 9,
    "run_time": 200,
    "run_id": "LpQvNq1Qy",
    "scale": false,
    "classification": false,
    "model_path": null,
    "balance": false,
    "balance_threshold": 0.2,
    "project": null,
    "end_time": 1555027155.4816449,
    "execution_time": 161.33364987373352,
    "run_path": "C:\\Users\\Manvi\\Anaconda3\\indian-liver-patient-records\\LpQvNq1Qy",
    "nthreads": 1,
    "min_mem_size": 1,
    "analysis": 0,
    "X": [
        "Age",
        "Alkaline_Phosphotase",
        "Alamine_Aminotransferase",
        "Aspartate_Aminotransferase",
        "Gender",
        "Total_Bilirubin",
        "Direct_Bilirubin",
        "Total_Protiens",
        "Albumin",
        "Albumin_and_Globulin_Ratio"
    ],
    "variables": {
        "Age": "int",
        "Gender": "enum",
        "Total_Bilirubin": "real",
        "Direct_Bilirubin": "real",
        "Alkaline_Phosphotase": "int",
        "Alamine_Aminotransferase": "int",
        "Aspartate_Aminotransferase": "int",
        "Total_Protiens": "real",
        "Albumin": "real",
        "Albumin_and_Globulin_Ratio": "real",
        "Dataset": "int"
    },
    "model_execution_time": 157.98965191841125,
    "mod_best": "StackedEnsemble_BestOfFamily_AutoML_20190411_195635",
    "mod_best_algo": "stackedensemble",
    "models": [
        "DeepLearning_grid_1_AutoML_20190411_195635_model_7",
        "GBM_5_AutoML_20190411_195635",
        "DRF_1_AutoML_20190411_195635",
        "GLM_grid_1_AutoML_20190411_195635_model_1",
        "XRT_1_AutoML_20190411_195635",
        "StackedEnsemble_BestOfFamily_AutoML_20190411_195635"
    ]
}
